Filename,Num_Clusters,FTE
C:\Users\xan37\Downloads\tip_omega_0_Emax_0_IC2_mask2_350ms.csv,0,0.6673164367675781
C:\Users\xan37\Downloads\tip_omega_0_Emax_0_IC2_mask3_350ms.csv,1,0.6648597717285156
C:\Users\xan37\Downloads\tip_omega_0_Emax_0_IC2_mask4_350ms.csv,1,0.5854263305664062
C:\Users\xan37\Downloads\tip_omega_0_Emax_0_IC2_mask5_350ms.csv,2,0.5904045104980469
C:\Users\xan37\Downloads\tip_omega_0_Emax_0_IC3_mask1_350ms.csv,9,0.4441795349121094
C:\Users\xan37\Downloads\tip_omega_0_Emax_0_IC3_mask2_350ms.csv,3,0.42665863037109375
C:\Users\xan37\Downloads\tip_omega_0_Emax_0_IC3_mask3_350ms.csv,4,0.4259681701660156
C:\Users\xan37\Downloads\tip_omega_0_Emax_0_IC3_mask4_350ms.csv,3,0.4321327209472656
C:\Users\xan37\Downloads\tip_omega_0_Emax_0_IC3_mask5_350ms.csv,3,0.3657035827636719
C:\Users\xan37\Downloads\tip_omega_0_Emax_0_IC4_mask1_350ms.csv,5,0.3223609924316406
C:\Users\xan37\Downloads\tip_omega_0_Emax_0_IC4_mask2_350ms.csv,0,0.25638580322265625
C:\Users\xan37\Downloads\tip_omega_0_Emax_0_IC4_mask3_350ms.csv,3,0.22965240478515625
C:\Users\xan37\Downloads\tip_omega_0_Emax_0_IC4_mask4_350ms.csv,1,0.18156814575195312
C:\Users\xan37\Downloads\tip_omega_0_Emax_0_IC4_mask5_350ms.csv,5,0.3023796081542969
C:\Users\xan37\Downloads\tip_omega_0_Emax_0_IC5_mask1_350ms.csv,1,0.4508018493652344
C:\Users\xan37\Downloads\tip_omega_0_Emax_0_IC5_mask2_350ms.csv,2,0.5988616943359375
C:\Users\xan37\Downloads\tip_omega_0_Emax_0_IC5_mask3_350ms.csv,1,0.4360847473144531
C:\Users\xan37\Downloads\tip_omega_0_Emax_0_IC5_mask4_350ms.csv,1,0.4494132995605469
C:\Users\xan37\Downloads\tip_omega_0_Emax_0_IC5_mask5_350ms.csv,4,0.3867301940917969
C:\Users\xan37\Downloads\tip_omega_0_Emax_0_IC6_mask1_350ms.csv,7,0.5696830749511719
C:\Users\xan37\Downloads\tip_omega_0_Emax_0_IC6_mask2_350ms.csv,3,0.3952980041503906
C:\Users\xan37\Downloads\tip_omega_0_Emax_0_IC6_mask3_350ms.csv,6,0.5169258117675781
C:\Users\xan37\Downloads\tip_omega_0_Emax_0_IC6_mask4_350ms.csv,4,0.4445953369140625
C:\Users\xan37\Downloads\tip_omega_0_Emax_0_IC6_mask5_350ms.csv,4,0.5350685119628906
C:\Users\xan37\Downloads\tip_omega_0_Emax_0_IC7_mask1_350ms.csv,6,0.5737342834472656
C:\Users\xan37\Downloads\tip_omega_0_Emax_0_IC7_mask2_350ms.csv,5,0.5674209594726562
C:\Users\xan37\Downloads\tip_omega_0_Emax_0_IC7_mask3_350ms.csv,6,0.355224609375
C:\Users\xan37\Downloads\tip_omega_0_Emax_0_IC7_mask4_350ms.csv,4,0.6250534057617188
C:\Users\xan37\Downloads\tip_omega_0_Emax_0_IC7_mask5_350ms.csv,6,0.4768829345703125
C:\Users\xan37\Downloads\tip_omega_0_Emax_0_IC8_mask1_350ms.csv,4,0.5275993347167969
C:\Users\xan37\Downloads\tip_omega_0_Emax_0_IC8_mask2_350ms.csv,3,0.5720863342285156
C:\Users\xan37\Downloads\tip_omega_0_Emax_0_IC8_mask3_350ms.csv,2,0.5377159118652344
C:\Users\xan37\Downloads\tip_omega_0_Emax_0_IC8_mask4_350ms.csv,2,0.5527267456054688
C:\Users\xan37\Downloads\tip_omega_0_Emax_0_IC8_mask5_350ms.csv,2,0.5144424438476562
C:\Users\xan37\Downloads\tip_omega_50_Emax_0_IC1_mask1_350ms.csv,1,0.5188331604003906
C:\Users\xan37\Downloads\tip_omega_50_Emax_0_IC1_mask2_350ms.csv,0,0.4695777893066406
C:\Users\xan37\Downloads\tip_omega_50_Emax_0_IC1_mask3_350ms.csv,1,0.5243034362792969
C:\Users\xan37\Downloads\tip_omega_50_Emax_0_IC1_mask4_350ms.csv,1,0.526458740234375
C:\Users\xan37\Downloads\tip_omega_50_Emax_0_IC1_mask5_350ms.csv,1,0.5492782592773438
C:\Users\xan37\Downloads\tip_omega_50_Emax_0_IC2_mask1_350ms.csv,1,0.5904998779296875
C:\Users\xan37\Downloads\tip_omega_50_Emax_0_IC2_mask2_350ms.csv,2,0.566619873046875
C:\Users\xan37\Downloads\tip_omega_50_Emax_0_IC2_mask3_350ms.csv,1,0.6648597717285156
C:\Users\xan37\Downloads\tip_omega_50_Emax_0_IC2_mask4_350ms.csv,1,0.5854263305664062
C:\Users\xan37\Downloads\tip_omega_50_Emax_0_IC2_mask5_350ms.csv,2,0.5904045104980469
C:\Users\xan37\Downloads\tip_omega_50_Emax_0_IC3_mask1_350ms.csv,9,0.4441795349121094
C:\Users\xan37\Downloads\tip_omega_50_Emax_0_IC3_mask2_350ms.csv,3,0.42665863037109375
C:\Users\xan37\Downloads\tip_omega_50_Emax_0_IC3_mask3_350ms.csv,4,0.4259681701660156
C:\Users\xan37\Downloads\tip_omega_50_Emax_0_IC3_mask4_350ms.csv,3,0.4321327209472656
C:\Users\xan37\Downloads\tip_omega_50_Emax_0_IC3_mask5_350ms.csv,3,0.3657035827636719
C:\Users\xan37\Downloads\tip_omega_50_Emax_0_IC4_mask1_350ms.csv,5,0.3223609924316406
C:\Users\xan37\Downloads\tip_omega_50_Emax_0_IC4_mask2_350ms.csv,0,0.25638580322265625
C:\Users\xan37\Downloads\tip_omega_50_Emax_0_IC4_mask3_350ms.csv,3,0.22965240478515625
C:\Users\xan37\Downloads\tip_omega_50_Emax_0_IC4_mask4_350ms.csv,1,0.18156814575195312
C:\Users\xan37\Downloads\tip_omega_50_Emax_0_IC4_mask5_350ms.csv,5,0.3023796081542969
C:\Users\xan37\Downloads\tip_omega_50_Emax_0_IC5_mask1_350ms.csv,1,0.4508018493652344
C:\Users\xan37\Downloads\tip_omega_50_Emax_0_IC5_mask2_350ms.csv,2,0.5988616943359375
C:\Users\xan37\Downloads\tip_omega_50_Emax_0_IC5_mask3_350ms.csv,1,0.4360847473144531
C:\Users\xan37\Downloads\tip_omega_50_Emax_0_IC5_mask4_350ms.csv,1,0.4494132995605469
C:\Users\xan37\Downloads\tip_omega_50_Emax_0_IC5_mask5_350ms.csv,4,0.3867301940917969
C:\Users\xan37\Downloads\tip_omega_50_Emax_0_IC6_mask1_350ms.csv,7,0.5696830749511719
C:\Users\xan37\Downloads\tip_omega_50_Emax_0_IC6_mask2_350ms.csv,3,0.3952980041503906
C:\Users\xan37\Downloads\tip_omega_50_Emax_0_IC6_mask3_350ms.csv,6,0.5169258117675781
C:\Users\xan37\Downloads\tip_omega_50_Emax_0_IC6_mask4_350ms.csv,4,0.4445953369140625
C:\Users\xan37\Downloads\tip_omega_50_Emax_0_IC6_mask5_350ms.csv,4,0.5350685119628906
C:\Users\xan37\Downloads\tip_omega_50_Emax_0_IC7_mask1_350ms.csv,6,0.5737342834472656
C:\Users\xan37\Downloads\tip_omega_50_Emax_0_IC7_mask2_350ms.csv,5,0.5674209594726562
C:\Users\xan37\Downloads\tip_omega_50_Emax_0_IC7_mask3_350ms.csv,6,0.355224609375
C:\Users\xan37\Downloads\tip_omega_50_Emax_0_IC7_mask4_350ms.csv,4,0.6250534057617188
C:\Users\xan37\Downloads\tip_omega_50_Emax_0_IC7_mask5_350ms.csv,6,0.4768829345703125
C:\Users\xan37\Downloads\tip_omega_50_Emax_0_IC8_mask1_350ms.csv,4,0.5275993347167969
C:\Users\xan37\Downloads\tip_omega_50_Emax_0_IC8_mask2_350ms.csv,3,0.5720863342285156
C:\Users\xan37\Downloads\tip_omega_50_Emax_0_IC8_mask3_350ms.csv,2,0.5377159118652344
C:\Users\xan37\Downloads\tip_omega_50_Emax_0_IC8_mask4_350ms.csv,2,0.5527267456054688
C:\Users\xan37\Downloads\tip_omega_50_Emax_0_IC8_mask5_350ms.csv,2,0.5144424438476562
C:\Users\xan37\Downloads\tip_omega_100_Emax_0_IC1_mask1_350ms.csv,1,0.5188331604003906
C:\Users\xan37\Downloads\tip_omega_100_Emax_0_IC1_mask2_350ms.csv,0,0.4695777893066406
C:\Users\xan37\Downloads\tip_omega_100_Emax_0_IC1_mask3_350ms.csv,1,0.5243034362792969
C:\Users\xan37\Downloads\tip_omega_100_Emax_0_IC1_mask4_350ms.csv,1,0.526458740234375
C:\Users\xan37\Downloads\tip_omega_100_Emax_0_IC1_mask5_350ms.csv,1,0.5492782592773438
C:\Users\xan37\Downloads\tip_omega_100_Emax_0_IC2_mask1_350ms.csv,1,0.5904998779296875
C:\Users\xan37\Downloads\tip_omega_100_Emax_0_IC2_mask2_350ms.csv,2,0.566619873046875
C:\Users\xan37\Downloads\tip_omega_100_Emax_0_IC2_mask3_350ms.csv,1,0.6648597717285156
C:\Users\xan37\Downloads\tip_omega_100_Emax_0_IC2_mask4_350ms.csv,1,0.5854263305664062
C:\Users\xan37\Downloads\tip_omega_100_Emax_0_IC2_mask5_350ms.csv,2,0.5904045104980469
C:\Users\xan37\Downloads\tip_omega_100_Emax_0_IC3_mask1_350ms.csv,9,0.4441795349121094
C:\Users\xan37\Downloads\tip_omega_100_Emax_0_IC3_mask2_350ms.csv,3,0.42665863037109375
C:\Users\xan37\Downloads\tip_omega_100_Emax_0_IC3_mask3_350ms.csv,4,0.4259681701660156
C:\Users\xan37\Downloads\tip_omega_100_Emax_0_IC3_mask4_350ms.csv,3,0.4321327209472656
C:\Users\xan37\Downloads\tip_omega_100_Emax_0_IC3_mask5_350ms.csv,3,0.3657035827636719
C:\Users\xan37\Downloads\tip_omega_100_Emax_0_IC4_mask1_350ms.csv,5,0.3223609924316406
C:\Users\xan37\Downloads\tip_omega_100_Emax_0_IC4_mask2_350ms.csv,0,0.25638580322265625
C:\Users\xan37\Downloads\tip_omega_100_Emax_0_IC4_mask3_350ms.csv,3,0.22965240478515625
C:\Users\xan37\Downloads\tip_omega_100_Emax_0_IC4_mask4_350ms.csv,1,0.18156814575195312
C:\Users\xan37\Downloads\tip_omega_100_Emax_0_IC4_mask5_350ms.csv,5,0.3023796081542969
C:\Users\xan37\Downloads\tip_omega_100_Emax_0_IC5_mask1_350ms.csv,1,0.4508018493652344
C:\Users\xan37\Downloads\tip_omega_100_Emax_0_IC5_mask2_350ms.csv,2,0.5988616943359375
C:\Users\xan37\Downloads\tip_omega_100_Emax_0_IC5_mask3_350ms.csv,1,0.4360847473144531
C:\Users\xan37\Downloads\tip_omega_100_Emax_0_IC5_mask4_350ms.csv,1,0.4494132995605469
C:\Users\xan37\Downloads\tip_omega_100_Emax_0_IC5_mask5_350ms.csv,4,0.3867301940917969
C:\Users\xan37\Downloads\tip_omega_100_Emax_0_IC6_mask1_350ms.csv,7,0.5696830749511719
C:\Users\xan37\Downloads\tip_omega_100_Emax_0_IC6_mask2_350ms.csv,3,0.3952980041503906
C:\Users\xan37\Downloads\tip_omega_100_Emax_0_IC6_mask3_350ms.csv,6,0.5169258117675781
C:\Users\xan37\Downloads\tip_omega_100_Emax_0_IC6_mask4_350ms.csv,4,0.4445953369140625
C:\Users\xan37\Downloads\tip_omega_100_Emax_0_IC6_mask5_350ms.csv,4,0.5350685119628906
C:\Users\xan37\Downloads\tip_omega_100_Emax_0_IC7_mask1_350ms.csv,6,0.5737342834472656
C:\Users\xan37\Downloads\tip_omega_100_Emax_0_IC7_mask2_350ms.csv,5,0.5674209594726562
C:\Users\xan37\Downloads\tip_omega_100_Emax_0_IC7_mask3_350ms.csv,6,0.355224609375
C:\Users\xan37\Downloads\tip_omega_100_Emax_0_IC7_mask4_350ms.csv,4,0.6250534057617188
C:\Users\xan37\Downloads\tip_omega_100_Emax_0_IC7_mask5_350ms.csv,6,0.4768829345703125
C:\Users\xan37\Downloads\tip_omega_100_Emax_0_IC8_mask1_350ms.csv,4,0.5275993347167969
C:\Users\xan37\Downloads\tip_omega_100_Emax_0_IC8_mask2_350ms.csv,3,0.5720863342285156
C:\Users\xan37\Downloads\tip_omega_100_Emax_0_IC8_mask3_350ms.csv,2,0.5377159118652344
C:\Users\xan37\Downloads\tip_omega_100_Emax_0_IC8_mask4_350ms.csv,2,0.5527267456054688
C:\Users\xan37\Downloads\tip_omega_100_Emax_0_IC8_mask5_350ms.csv,2,0.5144424438476562
C:\Users\xan37\Downloads\tip_omega_0_Emax_100_IC1_mask1_350ms.csv,6,0.5092086791992188
C:\Users\xan37\Downloads\tip_omega_0_Emax_100_IC1_mask2_350ms.csv,2,0.5998573303222656
C:\Users\xan37\Downloads\tip_omega_0_Emax_100_IC1_mask3_350ms.csv,7,0.5497245788574219
C:\Users\xan37\Downloads\tip_omega_0_Emax_100_IC1_mask4_350ms.csv,5,0.5056991577148438
C:\Users\xan37\Downloads\tip_omega_0_Emax_100_IC1_mask5_350ms.csv,1,0.19991683959960938
C:\Users\xan37\Downloads\tip_omega_0_Emax_100_IC2_mask1_350ms.csv,0,0.056575775146484375
C:\Users\xan37\Downloads\tip_omega_0_Emax_100_IC2_mask2_350ms.csv,9,0.544647216796875
C:\Users\xan37\Downloads\tip_omega_0_Emax_100_IC2_mask3_350ms.csv,6,0.4388580322265625
C:\Users\xan37\Downloads\tip_omega_0_Emax_100_IC2_mask4_350ms.csv,5,0.3392372131347656
C:\Users\xan37\Downloads\tip_omega_0_Emax_100_IC2_mask5_350ms.csv,5,0.49578857421875
C:\Users\xan37\Downloads\tip_omega_0_Emax_100_IC3_mask1_350ms.csv,5,0.435516357421875
C:\Users\xan37\Downloads\tip_omega_0_Emax_100_IC3_mask2_350ms.csv,3,0.3453254699707031
C:\Users\xan37\Downloads\tip_omega_0_Emax_100_IC3_mask3_350ms.csv,6,0.397613525390625
C:\Users\xan37\Downloads\tip_omega_0_Emax_100_IC3_mask4_350ms.csv,4,0.3440284729003906
C:\Users\xan37\Downloads\tip_omega_0_Emax_100_IC3_mask5_350ms.csv,0,0.006542205810546875
C:\Users\xan37\Downloads\tip_omega_0_Emax_100_IC4_mask1_350ms.csv,3,0.25983428955078125
C:\Users\xan37\Downloads\tip_omega_0_Emax_100_IC4_mask2_350ms.csv,5,0.358734130859375
C:\Users\xan37\Downloads\tip_omega_0_Emax_100_IC4_mask3_350ms.csv,2,0.3601226806640625
C:\Users\xan37\Downloads\tip_omega_0_Emax_100_IC4_mask4_350ms.csv,4,0.5340194702148438
C:\Users\xan37\Downloads\tip_omega_0_Emax_100_IC4_mask5_350ms.csv,1,0.3112297058105469
C:\Users\xan37\Downloads\tip_omega_0_Emax_100_IC5_mask1_350ms.csv,4,0.4455108642578125
C:\Users\xan37\Downloads\tip_omega_0_Emax_100_IC5_mask2_350ms.csv,3,0.5032196044921875
C:\Users\xan37\Downloads\tip_omega_0_Emax_100_IC5_mask3_350ms.csv,3,0.3907318115234375
C:\Users\xan37\Downloads\tip_omega_0_Emax_100_IC5_mask4_350ms.csv,4,0.5192031860351562
C:\Users\xan37\Downloads\tip_omega_0_Emax_100_IC5_mask5_350ms.csv,3,0.4683647155761719
C:\Users\xan37\Downloads\tip_omega_0_Emax_100_IC6_mask1_350ms.csv,0,0.28553009033203125
C:\Users\xan37\Downloads\tip_omega_0_Emax_100_IC6_mask2_350ms.csv,4,0.4523773193359375
C:\Users\xan37\Downloads\tip_omega_0_Emax_100_IC6_mask3_350ms.csv,4,0.418701171875
C:\Users\xan37\Downloads\tip_omega_0_Emax_100_IC6_mask4_350ms.csv,4,0.6389617919921875
C:\Users\xan37\Downloads\tip_omega_0_Emax_100_IC6_mask5_350ms.csv,5,0.4157066345214844
C:\Users\xan37\Downloads\tip_omega_0_Emax_100_IC7_mask1_350ms.csv,8,0.49942779541015625
C:\Users\xan37\Downloads\tip_omega_0_Emax_100_IC7_mask2_350ms.csv,5,0.31798553466796875
C:\Users\xan37\Downloads\tip_omega_0_Emax_100_IC7_mask3_350ms.csv,11,0.41910552978515625
C:\Users\xan37\Downloads\tip_omega_0_Emax_100_IC7_mask4_350ms.csv,3,0.602691650390625
C:\Users\xan37\Downloads\tip_omega_0_Emax_100_IC7_mask5_350ms.csv,8,0.5809440612792969
C:\Users\xan37\Downloads\tip_omega_0_Emax_100_IC8_mask1_350ms.csv,5,0.4559593200683594
C:\Users\xan37\Downloads\tip_omega_0_Emax_100_IC8_mask2_350ms.csv,6,0.4304084777832031
C:\Users\xan37\Downloads\tip_omega_0_Emax_100_IC8_mask3_350ms.csv,8,0.4384346008300781
C:\Users\xan37\Downloads\tip_omega_0_Emax_100_IC8_mask4_350ms.csv,3,0.4369239807128906
C:\Users\xan37\Downloads\tip_omega_0_Emax_100_IC8_mask5_350ms.csv,3,0.26171875
C:\Users\xan37\Downloads\tip_omega_50_Emax_100_IC1_mask1_350ms.csv,2,0.5481376647949219
C:\Users\xan37\Downloads\tip_omega_50_Emax_100_IC1_mask2_350ms.csv,4,0.6382980346679688
C:\Users\xan37\Downloads\tip_omega_50_Emax_100_IC1_mask3_350ms.csv,6,0.5571136474609375
C:\Users\xan37\Downloads\tip_omega_50_Emax_100_IC1_mask4_350ms.csv,4,0.5137557983398438
C:\Users\xan37\Downloads\tip_omega_50_Emax_100_IC1_mask5_350ms.csv,0,0.23485946655273438
C:\Users\xan37\Downloads\tip_omega_50_Emax_100_IC2_mask1_350ms.csv,5,0.376068115234375
C:\Users\xan37\Downloads\tip_omega_50_Emax_100_IC2_mask2_350ms.csv,6,0.529205322265625
C:\Users\xan37\Downloads\tip_omega_50_Emax_100_IC2_mask3_350ms.csv,9,0.5230789184570312
C:\Users\xan37\Downloads\tip_omega_50_Emax_100_IC2_mask4_350ms.csv,7,0.5068397521972656
C:\Users\xan37\Downloads\tip_omega_50_Emax_100_IC2_mask5_350ms.csv,5,0.6141281127929688
C:\Users\xan37\Downloads\tip_omega_50_Emax_100_IC3_mask1_350ms.csv,7,0.423553466796875
C:\Users\xan37\Downloads\tip_omega_50_Emax_100_IC3_mask2_350ms.csv,2,0.4124031066894531
C:\Users\xan37\Downloads\tip_omega_50_Emax_100_IC3_mask3_350ms.csv,2,0.3806877136230469
C:\Users\xan37\Downloads\tip_omega_50_Emax_100_IC3_mask4_350ms.csv,3,0.28635406494140625
C:\Users\xan37\Downloads\tip_omega_50_Emax_100_IC3_mask5_350ms.csv,0,0.007122039794921875
C:\Users\xan37\Downloads\tip_omega_50_Emax_100_IC4_mask1_350ms.csv,4,0.4103431701660156
C:\Users\xan37\Downloads\tip_omega_50_Emax_100_IC4_mask2_350ms.csv,4,0.3818626403808594
C:\Users\xan37\Downloads\tip_omega_50_Emax_100_IC4_mask3_350ms.csv,3,0.3868370056152344
C:\Users\xan37\Downloads\tip_omega_50_Emax_100_IC4_mask4_350ms.csv,5,0.5288352966308594
C:\Users\xan37\Downloads\tip_omega_50_Emax_100_IC4_mask5_350ms.csv,4,0.49742889404296875
C:\Users\xan37\Downloads\tip_omega_50_Emax_100_IC5_mask1_350ms.csv,5,0.48590850830078125
C:\Users\xan37\Downloads\tip_omega_50_Emax_100_IC5_mask2_350ms.csv,2,0.3511466979980469
C:\Users\xan37\Downloads\tip_omega_50_Emax_100_IC5_mask3_350ms.csv,2,0.26416015625
C:\Users\xan37\Downloads\tip_omega_50_Emax_100_IC5_mask4_350ms.csv,5,0.3971099853515625
C:\Users\xan37\Downloads\tip_omega_50_Emax_100_IC5_mask5_350ms.csv,5,0.53021240234375
C:\Users\xan37\Downloads\tip_omega_50_Emax_100_IC6_mask1_350ms.csv,5,0.5100936889648438
C:\Users\xan37\Downloads\tip_omega_50_Emax_100_IC6_mask2_350ms.csv,0,0.5133628845214844
C:\Users\xan37\Downloads\tip_omega_50_Emax_100_IC6_mask3_350ms.csv,1,0.5046157836914062
C:\Users\xan37\Downloads\tip_omega_50_Emax_100_IC6_mask4_350ms.csv,4,0.6306266784667969
C:\Users\xan37\Downloads\tip_omega_50_Emax_100_IC6_mask5_350ms.csv,4,0.5505561828613281
C:\Users\xan37\Downloads\tip_omega_50_Emax_100_IC7_mask1_350ms.csv,9,0.3625831604003906
C:\Users\xan37\Downloads\tip_omega_50_Emax_100_IC7_mask2_350ms.csv,5,0.3719367980957031
C:\Users\xan37\Downloads\tip_omega_50_Emax_100_IC7_mask3_350ms.csv,3,0.4181671142578125
C:\Users\xan37\Downloads\tip_omega_50_Emax_100_IC7_mask4_350ms.csv,0,0.5078353881835938
C:\Users\xan37\Downloads\tip_omega_50_Emax_100_IC7_mask5_350ms.csv,4,0.6574478149414062
C:\Users\xan37\Downloads\tip_omega_50_Emax_100_IC8_mask1_350ms.csv,4,0.5163307189941406
C:\Users\xan37\Downloads\tip_omega_50_Emax_100_IC8_mask2_350ms.csv,4,0.5350227355957031
C:\Users\xan37\Downloads\tip_omega_50_Emax_100_IC8_mask3_350ms.csv,11,0.46207427978515625
C:\Users\xan37\Downloads\tip_omega_50_Emax_100_IC8_mask4_350ms.csv,4,0.5601463317871094
C:\Users\xan37\Downloads\tip_omega_50_Emax_100_IC8_mask5_350ms.csv,3,0.3661689758300781
C:\Users\xan37\Downloads\tip_omega_100_Emax_100_IC1_mask1_350ms.csv,6,0.5676345825195312
C:\Users\xan37\Downloads\tip_omega_100_Emax_100_IC1_mask2_350ms.csv,4,0.559326171875
C:\Users\xan37\Downloads\tip_omega_100_Emax_100_IC1_mask3_350ms.csv,5,0.6448211669921875
C:\Users\xan37\Downloads\tip_omega_100_Emax_100_IC1_mask4_350ms.csv,2,0.5222282409667969
C:\Users\xan37\Downloads\tip_omega_100_Emax_100_IC1_mask5_350ms.csv,0,0.21483230590820312
C:\Users\xan37\Downloads\tip_omega_100_Emax_100_IC2_mask1_350ms.csv,3,0.45005035400390625
C:\Users\xan37\Downloads\tip_omega_100_Emax_100_IC2_mask2_350ms.csv,1,0.47015380859375
C:\Users\xan37\Downloads\tip_omega_100_Emax_100_IC2_mask3_350ms.csv,8,0.5290870666503906
C:\Users\xan37\Downloads\tip_omega_100_Emax_100_IC2_mask4_350ms.csv,4,0.6615066528320312
C:\Users\xan37\Downloads\tip_omega_100_Emax_100_IC2_mask5_350ms.csv,7,0.5866622924804688
C:\Users\xan37\Downloads\tip_omega_100_Emax_100_IC3_mask1_350ms.csv,4,0.3899497985839844
C:\Users\xan37\Downloads\tip_omega_100_Emax_100_IC3_mask2_350ms.csv,2,0.3524932861328125
C:\Users\xan37\Downloads\tip_omega_100_Emax_100_IC3_mask3_350ms.csv,4,0.44268035888671875
C:\Users\xan37\Downloads\tip_omega_100_Emax_100_IC3_mask4_350ms.csv,4,0.3079795837402344
C:\Users\xan37\Downloads\tip_omega_100_Emax_100_IC3_mask5_350ms.csv,3,0.3288230895996094
C:\Users\xan37\Downloads\tip_omega_100_Emax_100_IC4_mask1_350ms.csv,4,0.3922767639160156
C:\Users\xan37\Downloads\tip_omega_100_Emax_100_IC4_mask2_350ms.csv,7,0.3678932189941406
C:\Users\xan37\Downloads\tip_omega_100_Emax_100_IC4_mask3_350ms.csv,5,0.41124725341796875
C:\Users\xan37\Downloads\tip_omega_100_Emax_100_IC4_mask4_350ms.csv,6,0.5161018371582031
C:\Users\xan37\Downloads\tip_omega_100_Emax_100_IC4_mask5_350ms.csv,3,0.3953514099121094
C:\Users\xan37\Downloads\tip_omega_100_Emax_100_IC5_mask1_350ms.csv,3,0.4871063232421875
C:\Users\xan37\Downloads\tip_omega_100_Emax_100_IC5_mask2_350ms.csv,2,0.3236351013183594
C:\Users\xan37\Downloads\tip_omega_100_Emax_100_IC5_mask3_350ms.csv,10,0.4435577392578125
C:\Users\xan37\Downloads\tip_omega_100_Emax_100_IC5_mask4_350ms.csv,2,0.4145164489746094
C:\Users\xan37\Downloads\tip_omega_100_Emax_100_IC5_mask5_350ms.csv,6,0.4294929504394531
C:\Users\xan37\Downloads\tip_omega_100_Emax_100_IC6_mask1_350ms.csv,2,0.4781684875488281
C:\Users\xan37\Downloads\tip_omega_100_Emax_100_IC6_mask2_350ms.csv,4,0.5659523010253906
C:\Users\xan37\Downloads\tip_omega_100_Emax_100_IC6_mask3_350ms.csv,2,0.381683349609375
C:\Users\xan37\Downloads\tip_omega_100_Emax_100_IC6_mask4_350ms.csv,4,0.38367462158203125
C:\Users\xan37\Downloads\tip_omega_100_Emax_100_IC6_mask5_350ms.csv,3,0.3543205261230469
C:\Users\xan37\Downloads\tip_omega_100_Emax_100_IC7_mask1_350ms.csv,5,0.49837493896484375
C:\Users\xan37\Downloads\tip_omega_100_Emax_100_IC7_mask2_350ms.csv,5,0.3872032165527344
C:\Users\xan37\Downloads\tip_omega_100_Emax_100_IC7_mask3_350ms.csv,2,0.41118621826171875
C:\Users\xan37\Downloads\tip_omega_100_Emax_100_IC7_mask4_350ms.csv,3,0.5776329040527344
C:\Users\xan37\Downloads\tip_omega_100_Emax_100_IC7_mask5_350ms.csv,1,0.5551414489746094
C:\Users\xan37\Downloads\tip_omega_100_Emax_100_IC8_mask1_350ms.csv,3,0.5183677673339844
C:\Users\xan37\Downloads\tip_omega_100_Emax_100_IC8_mask2_350ms.csv,1,0.578857421875
C:\Users\xan37\Downloads\tip_omega_100_Emax_100_IC8_mask3_350ms.csv,2,0.4370841979980469
C:\Users\xan37\Downloads\tip_omega_100_Emax_100_IC8_mask4_350ms.csv,2,0.4873847961425781
C:\Users\xan37\Downloads\tip_omega_100_Emax_100_IC8_mask5_350ms.csv,5,0.4459114074707031
C:\Users\xan37\Downloads\tip_omega_0_Emax_200_IC1_mask1_350ms.csv,4,0.4024162292480469
C:\Users\xan37\Downloads\tip_omega_0_Emax_200_IC1_mask2_350ms.csv,0,0.0
C:\Users\xan37\Downloads\tip_omega_0_Emax_200_IC1_mask3_350ms.csv,0,0.0
C:\Users\xan37\Downloads\tip_omega_0_Emax_200_IC1_mask4_350ms.csv,3,0.3124656677246094
C:\Users\xan37\Downloads\tip_omega_0_Emax_200_IC1_mask5_350ms.csv,1,0.2266845703125
C:\Users\xan37\Downloads\tip_omega_0_Emax_200_IC2_mask1_350ms.csv,2,0.15682220458984375
C:\Users\xan37\Downloads\tip_omega_0_Emax_200_IC2_mask2_350ms.csv,4,0.24432754516601562
C:\Users\xan37\Downloads\tip_omega_0_Emax_200_IC2_mask3_350ms.csv,5,0.3339729309082031
C:\Users\xan37\Downloads\tip_omega_0_Emax_200_IC2_mask4_350ms.csv,3,0.44628143310546875
C:\Users\xan37\Downloads\tip_omega_0_Emax_200_IC2_mask5_350ms.csv,6,0.3629722595214844
C:\Users\xan37\Downloads\tip_omega_0_Emax_200_IC3_mask1_350ms.csv,0,0.3835029602050781
C:\Users\xan37\Downloads\tip_omega_0_Emax_200_IC3_mask2_350ms.csv,3,0.5031814575195312
C:\Users\xan37\Downloads\tip_omega_0_Emax_200_IC3_mask3_350ms.csv,0,0.4060516357421875
C:\Users\xan37\Downloads\tip_omega_0_Emax_200_IC3_mask4_350ms.csv,6,0.22224807739257812
C:\Users\xan37\Downloads\tip_omega_0_Emax_200_IC3_mask5_350ms.csv,0,0.10110092163085938
C:\Users\xan37\Downloads\tip_omega_0_Emax_200_IC4_mask1_350ms.csv,0,0.15858078002929688
C:\Users\xan37\Downloads\tip_omega_0_Emax_200_IC4_mask2_350ms.csv,0,0.15017318725585938
C:\Users\xan37\Downloads\tip_omega_0_Emax_200_IC4_mask3_350ms.csv,0,0.4885673522949219
C:\Users\xan37\Downloads\tip_omega_0_Emax_200_IC4_mask4_350ms.csv,0,0.24084091186523438
C:\Users\xan37\Downloads\tip_omega_0_Emax_200_IC4_mask5_350ms.csv,2,0.5039253234863281
C:\Users\xan37\Downloads\tip_omega_0_Emax_200_IC5_mask1_350ms.csv,4,0.6614761352539062
C:\Users\xan37\Downloads\tip_omega_0_Emax_200_IC5_mask2_350ms.csv,2,0.3923835754394531
C:\Users\xan37\Downloads\tip_omega_0_Emax_200_IC5_mask3_350ms.csv,6,0.2385711669921875
C:\Users\xan37\Downloads\tip_omega_0_Emax_200_IC5_mask4_350ms.csv,6,0.6425209045410156
C:\Users\xan37\Downloads\tip_omega_0_Emax_200_IC5_mask5_350ms.csv,4,0.44927215576171875
C:\Users\xan37\Downloads\tip_omega_0_Emax_200_IC6_mask1_350ms.csv,5,0.5771713256835938
C:\Users\xan37\Downloads\tip_omega_0_Emax_200_IC6_mask2_350ms.csv,1,0.6290626525878906
C:\Users\xan37\Downloads\tip_omega_0_Emax_200_IC6_mask3_350ms.csv,6,0.48032379150390625
C:\Users\xan37\Downloads\tip_omega_0_Emax_200_IC6_mask4_350ms.csv,2,0.3381538391113281
C:\Users\xan37\Downloads\tip_omega_0_Emax_200_IC6_mask5_350ms.csv,5,0.4379615783691406
C:\Users\xan37\Downloads\tip_omega_0_Emax_200_IC7_mask1_350ms.csv,4,0.4164848327636719
C:\Users\xan37\Downloads\tip_omega_0_Emax_200_IC7_mask2_350ms.csv,0,0.4591407775878906
C:\Users\xan37\Downloads\tip_omega_0_Emax_200_IC7_mask3_350ms.csv,5,0.5588111877441406
C:\Users\xan37\Downloads\tip_omega_0_Emax_200_IC7_mask4_350ms.csv,3,0.5093307495117188
C:\Users\xan37\Downloads\tip_omega_0_Emax_200_IC7_mask5_350ms.csv,0,0.0
C:\Users\xan37\Downloads\tip_omega_0_Emax_200_IC8_mask1_350ms.csv,3,0.41088104248046875
C:\Users\xan37\Downloads\tip_omega_0_Emax_200_IC8_mask2_350ms.csv,3,0.3885002136230469
C:\Users\xan37\Downloads\tip_omega_0_Emax_200_IC8_mask3_350ms.csv,4,0.30393218994140625
C:\Users\xan37\Downloads\tip_omega_0_Emax_200_IC8_mask4_350ms.csv,1,0.6748809814453125
C:\Users\xan37\Downloads\tip_omega_0_Emax_200_IC8_mask5_350ms.csv,2,0.5416450500488281
C:\Users\xan37\Downloads\tip_omega_50_Emax_200_IC1_mask1_350ms.csv,1,0.30796051025390625
C:\Users\xan37\Downloads\tip_omega_50_Emax_200_IC1_mask2_350ms.csv,2,0.5125732421875
C:\Users\xan37\Downloads\tip_omega_50_Emax_200_IC1_mask3_350ms.csv,3,0.5012245178222656
C:\Users\xan37\Downloads\tip_omega_50_Emax_200_IC1_mask4_350ms.csv,4,0.2956390380859375
C:\Users\xan37\Downloads\tip_omega_50_Emax_200_IC1_mask5_350ms.csv,0,0.25019073486328125
C:\Users\xan37\Downloads\tip_omega_50_Emax_200_IC2_mask1_350ms.csv,0,0.2974586486816406
C:\Users\xan37\Downloads\tip_omega_50_Emax_200_IC2_mask2_350ms.csv,1,0.22093963623046875
C:\Users\xan37\Downloads\tip_omega_50_Emax_200_IC2_mask3_350ms.csv,3,0.2624053955078125
C:\Users\xan37\Downloads\tip_omega_50_Emax_200_IC2_mask4_350ms.csv,0,0.2841682434082031
C:\Users\xan37\Downloads\tip_omega_50_Emax_200_IC2_mask5_350ms.csv,1,0.21583938598632812
C:\Users\xan37\Downloads\tip_omega_50_Emax_200_IC3_mask1_350ms.csv,3,0.4833183288574219
C:\Users\xan37\Downloads\tip_omega_50_Emax_200_IC3_mask2_350ms.csv,4,0.49436187744140625
C:\Users\xan37\Downloads\tip_omega_50_Emax_200_IC3_mask3_350ms.csv,0,0.10825729370117188
C:\Users\xan37\Downloads\tip_omega_50_Emax_200_IC3_mask4_350ms.csv,4,0.24697494506835938
C:\Users\xan37\Downloads\tip_omega_50_Emax_200_IC3_mask5_350ms.csv,5,0.4044532775878906
C:\Users\xan37\Downloads\tip_omega_50_Emax_200_IC4_mask1_350ms.csv,0,0.15720748901367188
C:\Users\xan37\Downloads\tip_omega_50_Emax_200_IC4_mask2_350ms.csv,6,0.3514518737792969
C:\Users\xan37\Downloads\tip_omega_50_Emax_200_IC4_mask3_350ms.csv,0,0.48809814453125
C:\Users\xan37\Downloads\tip_omega_50_Emax_200_IC4_mask4_350ms.csv,1,0.4601554870605469
C:\Users\xan37\Downloads\tip_omega_50_Emax_200_IC4_mask5_350ms.csv,0,0.48195648193359375
C:\Users\xan37\Downloads\tip_omega_50_Emax_200_IC5_mask1_350ms.csv,8,0.3534202575683594
C:\Users\xan37\Downloads\tip_omega_50_Emax_200_IC5_mask2_350ms.csv,1,0.197021484375
C:\Users\xan37\Downloads\tip_omega_50_Emax_200_IC5_mask3_350ms.csv,1,0.540374755859375
C:\Users\xan37\Downloads\tip_omega_50_Emax_200_IC5_mask4_350ms.csv,5,0.6539382934570312
C:\Users\xan37\Downloads\tip_omega_50_Emax_200_IC5_mask5_350ms.csv,3,0.5316238403320312
C:\Users\xan37\Downloads\tip_omega_50_Emax_200_IC6_mask1_350ms.csv,0,0.2948150634765625
C:\Users\xan37\Downloads\tip_omega_50_Emax_200_IC6_mask2_350ms.csv,7,0.5120735168457031
C:\Users\xan37\Downloads\tip_omega_50_Emax_200_IC6_mask3_350ms.csv,8,0.47533416748046875
C:\Users\xan37\Downloads\tip_omega_50_Emax_200_IC6_mask4_350ms.csv,3,0.3851966857910156
C:\Users\xan37\Downloads\tip_omega_50_Emax_200_IC6_mask5_350ms.csv,6,0.4332542419433594
C:\Users\xan37\Downloads\tip_omega_50_Emax_200_IC7_mask1_350ms.csv,3,0.3883476257324219
C:\Users\xan37\Downloads\tip_omega_50_Emax_200_IC7_mask2_350ms.csv,0,0.16364288330078125
C:\Users\xan37\Downloads\tip_omega_50_Emax_200_IC7_mask3_350ms.csv,8,0.39415740966796875
C:\Users\xan37\Downloads\tip_omega_50_Emax_200_IC7_mask4_350ms.csv,5,0.5802993774414062
C:\Users\xan37\Downloads\tip_omega_50_Emax_200_IC7_mask5_350ms.csv,0,0.3167572021484375
C:\Users\xan37\Downloads\tip_omega_50_Emax_200_IC8_mask1_350ms.csv,2,0.382537841796875
C:\Users\xan37\Downloads\tip_omega_50_Emax_200_IC8_mask2_350ms.csv,1,0.41382598876953125
C:\Users\xan37\Downloads\tip_omega_50_Emax_200_IC8_mask3_350ms.csv,2,0.4481697082519531
C:\Users\xan37\Downloads\tip_omega_50_Emax_200_IC8_mask4_350ms.csv,10,0.4559059143066406
C:\Users\xan37\Downloads\tip_omega_50_Emax_200_IC8_mask5_350ms.csv,2,0.6400718688964844
C:\Users\xan37\Downloads\tip_omega_100_Emax_200_IC1_mask1_350ms.csv,0,0.0
C:\Users\xan37\Downloads\tip_omega_100_Emax_200_IC1_mask2_350ms.csv,3,0.5645637512207031
C:\Users\xan37\Downloads\tip_omega_100_Emax_200_IC1_mask3_350ms.csv,2,0.3348808288574219
C:\Users\xan37\Downloads\tip_omega_100_Emax_200_IC1_mask4_350ms.csv,3,0.5834274291992188
C:\Users\xan37\Downloads\tip_omega_100_Emax_200_IC1_mask5_350ms.csv,0,0.2618064880371094
C:\Users\xan37\Downloads\tip_omega_100_Emax_200_IC2_mask1_350ms.csv,1,0.17251968383789062
C:\Users\xan37\Downloads\tip_omega_100_Emax_200_IC2_mask2_350ms.csv,6,0.4353179931640625
C:\Users\xan37\Downloads\tip_omega_100_Emax_200_IC2_mask3_350ms.csv,4,0.2342987060546875
C:\Users\xan37\Downloads\tip_omega_100_Emax_200_IC2_mask4_350ms.csv,0,0.6203269958496094
C:\Users\xan37\Downloads\tip_omega_100_Emax_200_IC2_mask5_350ms.csv,1,0.41376495361328125
C:\Users\xan37\Downloads\tip_omega_100_Emax_200_IC3_mask1_350ms.csv,0,0.07415771484375
C:\Users\xan37\Downloads\tip_omega_100_Emax_200_IC3_mask2_350ms.csv,0,0.3104591369628906
C:\Users\xan37\Downloads\tip_omega_100_Emax_200_IC3_mask3_350ms.csv,0,0.03382110595703125
C:\Users\xan37\Downloads\tip_omega_100_Emax_200_IC3_mask4_350ms.csv,3,0.4011192321777344
C:\Users\xan37\Downloads\tip_omega_100_Emax_200_IC3_mask5_350ms.csv,1,0.1574249267578125
C:\Users\xan37\Downloads\tip_omega_100_Emax_200_IC4_mask1_350ms.csv,0,0.4276275634765625
C:\Users\xan37\Downloads\tip_omega_100_Emax_200_IC4_mask2_350ms.csv,11,0.44199371337890625
C:\Users\xan37\Downloads\tip_omega_100_Emax_200_IC4_mask3_350ms.csv,0,0.0
C:\Users\xan37\Downloads\tip_omega_100_Emax_200_IC4_mask4_350ms.csv,3,0.5461463928222656
C:\Users\xan37\Downloads\tip_omega_100_Emax_200_IC4_mask5_350ms.csv,0,0.44582366943359375
C:\Users\xan37\Downloads\tip_omega_100_Emax_200_IC5_mask1_350ms.csv,11,0.4706382751464844
C:\Users\xan37\Downloads\tip_omega_100_Emax_200_IC5_mask2_350ms.csv,5,0.41161346435546875
C:\Users\xan37\Downloads\tip_omega_100_Emax_200_IC5_mask3_350ms.csv,2,0.3316993713378906
C:\Users\xan37\Downloads\tip_omega_100_Emax_200_IC5_mask4_350ms.csv,5,0.5600852966308594
C:\Users\xan37\Downloads\tip_omega_100_Emax_200_IC5_mask5_350ms.csv,7,0.4665260314941406
C:\Users\xan37\Downloads\tip_omega_100_Emax_200_IC6_mask1_350ms.csv,3,0.3561134338378906
C:\Users\xan37\Downloads\tip_omega_100_Emax_200_IC6_mask2_350ms.csv,1,0.45412445068359375
C:\Users\xan37\Downloads\tip_omega_100_Emax_200_IC6_mask3_350ms.csv,4,0.4798774719238281
C:\Users\xan37\Downloads\tip_omega_100_Emax_200_IC6_mask4_350ms.csv,6,0.30117034912109375
C:\Users\xan37\Downloads\tip_omega_100_Emax_200_IC6_mask5_350ms.csv,3,0.3704071044921875
C:\Users\xan37\Downloads\tip_omega_100_Emax_200_IC7_mask1_350ms.csv,5,0.4250335693359375
C:\Users\xan37\Downloads\tip_omega_100_Emax_200_IC7_mask2_350ms.csv,0,0.06563949584960938
C:\Users\xan37\Downloads\tip_omega_100_Emax_200_IC7_mask3_350ms.csv,0,0.2817726135253906
C:\Users\xan37\Downloads\tip_omega_100_Emax_200_IC7_mask4_350ms.csv,2,0.41229248046875
C:\Users\xan37\Downloads\tip_omega_100_Emax_200_IC7_mask5_350ms.csv,7,0.5854606628417969
C:\Users\xan37\Downloads\tip_omega_100_Emax_200_IC8_mask1_350ms.csv,2,0.6255226135253906
C:\Users\xan37\Downloads\tip_omega_100_Emax_200_IC8_mask2_350ms.csv,2,0.4039344787597656
C:\Users\xan37\Downloads\tip_omega_100_Emax_200_IC8_mask3_350ms.csv,3,0.4897804260253906
C:\Users\xan37\Downloads\tip_omega_100_Emax_200_IC8_mask4_350ms.csv,6,0.3275489807128906
C:\Users\xan37\Downloads\tip_omega_100_Emax_200_IC8_mask5_350ms.csv,1,0.6375389099121094
C:\Users\xan37\Downloads\tip_omega_0_Emax_300_IC1_mask1_350ms.csv,6,0.4958038330078125
C:\Users\xan37\Downloads\tip_omega_0_Emax_300_IC1_mask2_350ms.csv,3,0.24338912963867188
C:\Users\xan37\Downloads\tip_omega_0_Emax_300_IC1_mask3_350ms.csv,2,0.3167877197265625
C:\Users\xan37\Downloads\tip_omega_0_Emax_300_IC1_mask4_350ms.csv,5,0.2436370849609375
C:\Users\xan37\Downloads\tip_omega_0_Emax_300_IC1_mask5_350ms.csv,2,0.15379714965820312
C:\Users\xan37\Downloads\tip_omega_0_Emax_300_IC2_mask1_350ms.csv,0,0.0
C:\Users\xan37\Downloads\tip_omega_0_Emax_300_IC2_mask2_350ms.csv,6,0.45104217529296875
C:\Users\xan37\Downloads\tip_omega_0_Emax_300_IC2_mask3_350ms.csv,1,0.4417572021484375
C:\Users\xan37\Downloads\tip_omega_0_Emax_300_IC2_mask4_350ms.csv,1,0.5023155212402344
C:\Users\xan37\Downloads\tip_omega_0_Emax_300_IC2_mask5_350ms.csv,3,0.5566864013671875
C:\Users\xan37\Downloads\tip_omega_0_Emax_300_IC3_mask1_350ms.csv,2,0.24872207641601562
C:\Users\xan37\Downloads\tip_omega_0_Emax_300_IC3_mask2_350ms.csv,0,0.00238037109375
C:\Users\xan37\Downloads\tip_omega_0_Emax_300_IC3_mask3_350ms.csv,0,0.3670806884765625
C:\Users\xan37\Downloads\tip_omega_0_Emax_300_IC3_mask4_350ms.csv,6,0.24512863159179688
C:\Users\xan37\Downloads\tip_omega_0_Emax_300_IC3_mask5_350ms.csv,3,0.48815155029296875
C:\Users\xan37\Downloads\tip_omega_0_Emax_300_IC4_mask1_350ms.csv,3,0.2950782775878906
C:\Users\xan37\Downloads\tip_omega_0_Emax_300_IC4_mask2_350ms.csv,3,0.4222564697265625
C:\Users\xan37\Downloads\tip_omega_0_Emax_300_IC4_mask3_350ms.csv,3,0.6308784484863281
C:\Users\xan37\Downloads\tip_omega_0_Emax_300_IC4_mask4_350ms.csv,0,0.0
C:\Users\xan37\Downloads\tip_omega_0_Emax_300_IC4_mask5_350ms.csv,3,0.7004127502441406
C:\Users\xan37\Downloads\tip_omega_0_Emax_300_IC5_mask1_350ms.csv,6,0.46407318115234375
C:\Users\xan37\Downloads\tip_omega_0_Emax_300_IC5_mask2_350ms.csv,4,0.43749237060546875
C:\Users\xan37\Downloads\tip_omega_0_Emax_300_IC5_mask3_350ms.csv,2,0.11446380615234375
C:\Users\xan37\Downloads\tip_omega_0_Emax_300_IC5_mask4_350ms.csv,1,0.5442008972167969
C:\Users\xan37\Downloads\tip_omega_0_Emax_300_IC5_mask5_350ms.csv,1,0.290008544921875
C:\Users\xan37\Downloads\tip_omega_0_Emax_300_IC6_mask1_350ms.csv,0,0.0
C:\Users\xan37\Downloads\tip_omega_0_Emax_300_IC6_mask2_350ms.csv,4,0.3951988220214844
C:\Users\xan37\Downloads\tip_omega_0_Emax_300_IC6_mask3_350ms.csv,7,0.49987030029296875
C:\Users\xan37\Downloads\tip_omega_0_Emax_300_IC6_mask4_350ms.csv,0,0.0
C:\Users\xan37\Downloads\tip_omega_0_Emax_300_IC6_mask5_350ms.csv,3,0.3360404968261719
C:\Users\xan37\Downloads\tip_omega_0_Emax_300_IC7_mask1_350ms.csv,7,0.6404075622558594
C:\Users\xan37\Downloads\tip_omega_0_Emax_300_IC7_mask2_350ms.csv,1,0.7519454956054688
C:\Users\xan37\Downloads\tip_omega_0_Emax_300_IC7_mask3_350ms.csv,0,0.4086952209472656
C:\Users\xan37\Downloads\tip_omega_0_Emax_300_IC7_mask4_350ms.csv,0,0.7124786376953125
C:\Users\xan37\Downloads\tip_omega_0_Emax_300_IC7_mask5_350ms.csv,4,0.4658927917480469
C:\Users\xan37\Downloads\tip_omega_0_Emax_300_IC8_mask1_350ms.csv,2,0.5864486694335938
C:\Users\xan37\Downloads\tip_omega_0_Emax_300_IC8_mask2_350ms.csv,3,0.6198234558105469
C:\Users\xan37\Downloads\tip_omega_0_Emax_300_IC8_mask3_350ms.csv,1,0.5828971862792969
C:\Users\xan37\Downloads\tip_omega_0_Emax_300_IC8_mask4_350ms.csv,7,0.6199913024902344
C:\Users\xan37\Downloads\tip_omega_0_Emax_300_IC8_mask5_350ms.csv,1,0.7103843688964844
C:\Users\xan37\Downloads\tip_omega_50_Emax_300_IC1_mask1_350ms.csv,0,0.0
C:\Users\xan37\Downloads\tip_omega_50_Emax_300_IC1_mask2_350ms.csv,1,0.6822891235351562
C:\Users\xan37\Downloads\tip_omega_50_Emax_300_IC1_mask3_350ms.csv,2,0.3648681640625
C:\Users\xan37\Downloads\tip_omega_50_Emax_300_IC1_mask4_350ms.csv,2,0.3966255187988281
C:\Users\xan37\Downloads\tip_omega_50_Emax_300_IC1_mask5_350ms.csv,2,0.19861602783203125
C:\Users\xan37\Downloads\tip_omega_50_Emax_300_IC2_mask1_350ms.csv,0,0.0
C:\Users\xan37\Downloads\tip_omega_50_Emax_300_IC2_mask2_350ms.csv,1,0.28942108154296875
C:\Users\xan37\Downloads\tip_omega_50_Emax_300_IC2_mask3_350ms.csv,1,0.21599197387695312
C:\Users\xan37\Downloads\tip_omega_50_Emax_300_IC2_mask4_350ms.csv,0,0.3416404724121094
C:\Users\xan37\Downloads\tip_omega_50_Emax_300_IC2_mask5_350ms.csv,1,0.255889892578125
C:\Users\xan37\Downloads\tip_omega_50_Emax_300_IC3_mask1_350ms.csv,1,0.2979469299316406
C:\Users\xan37\Downloads\tip_omega_50_Emax_300_IC3_mask2_350ms.csv,0,0.5743980407714844
C:\Users\xan37\Downloads\tip_omega_50_Emax_300_IC3_mask3_350ms.csv,3,0.394744873046875
C:\Users\xan37\Downloads\tip_omega_50_Emax_300_IC3_mask4_350ms.csv,5,0.20574951171875
C:\Users\xan37\Downloads\tip_omega_50_Emax_300_IC3_mask5_350ms.csv,1,0.6257972717285156
C:\Users\xan37\Downloads\tip_omega_50_Emax_300_IC4_mask1_350ms.csv,0,0.4689445495605469
C:\Users\xan37\Downloads\tip_omega_50_Emax_300_IC4_mask2_350ms.csv,0,0.5535736083984375
C:\Users\xan37\Downloads\tip_omega_50_Emax_300_IC4_mask3_350ms.csv,0,0.0
C:\Users\xan37\Downloads\tip_omega_50_Emax_300_IC4_mask4_350ms.csv,0,0.0
C:\Users\xan37\Downloads\tip_omega_50_Emax_300_IC4_mask5_350ms.csv,0,0.6534805297851562
C:\Users\xan37\Downloads\tip_omega_50_Emax_300_IC5_mask1_350ms.csv,2,0.541290283203125
C:\Users\xan37\Downloads\tip_omega_50_Emax_300_IC5_mask2_350ms.csv,5,0.3898963928222656
C:\Users\xan37\Downloads\tip_omega_50_Emax_300_IC5_mask3_350ms.csv,0,0.0
C:\Users\xan37\Downloads\tip_omega_50_Emax_300_IC5_mask4_350ms.csv,1,0.5545158386230469
C:\Users\xan37\Downloads\tip_omega_50_Emax_300_IC5_mask5_350ms.csv,3,0.48670196533203125
C:\Users\xan37\Downloads\tip_omega_50_Emax_300_IC6_mask1_350ms.csv,4,0.3659210205078125
C:\Users\xan37\Downloads\tip_omega_50_Emax_300_IC6_mask2_350ms.csv,5,0.5364952087402344
C:\Users\xan37\Downloads\tip_omega_50_Emax_300_IC6_mask3_350ms.csv,5,0.4995307922363281
C:\Users\xan37\Downloads\tip_omega_50_Emax_300_IC6_mask4_350ms.csv,0,0.0
C:\Users\xan37\Downloads\tip_omega_50_Emax_300_IC6_mask5_350ms.csv,4,0.4936866760253906
C:\Users\xan37\Downloads\tip_omega_50_Emax_300_IC7_mask1_350ms.csv,5,0.6361465454101562
C:\Users\xan37\Downloads\tip_omega_50_Emax_300_IC7_mask2_350ms.csv,3,0.5654258728027344
C:\Users\xan37\Downloads\tip_omega_50_Emax_300_IC7_mask3_350ms.csv,0,0.38692474365234375
C:\Users\xan37\Downloads\tip_omega_50_Emax_300_IC7_mask4_350ms.csv,2,0.34854888916015625
C:\Users\xan37\Downloads\tip_omega_50_Emax_300_IC7_mask5_350ms.csv,1,0.5312767028808594
C:\Users\xan37\Downloads\tip_omega_50_Emax_300_IC8_mask1_350ms.csv,3,0.6390724182128906
C:\Users\xan37\Downloads\tip_omega_50_Emax_300_IC8_mask2_350ms.csv,0,0.5657119750976562
C:\Users\xan37\Downloads\tip_omega_50_Emax_300_IC8_mask3_350ms.csv,1,0.12385940551757812
C:\Users\xan37\Downloads\tip_omega_50_Emax_300_IC8_mask4_350ms.csv,6,0.39810943603515625
C:\Users\xan37\Downloads\tip_omega_50_Emax_300_IC8_mask5_350ms.csv,0,0.6744766235351562
C:\Users\xan37\Downloads\tip_omega_100_Emax_300_IC1_mask1_350ms.csv,1,0.32657623291015625
C:\Users\xan37\Downloads\tip_omega_100_Emax_300_IC1_mask2_350ms.csv,1,0.6775360107421875
C:\Users\xan37\Downloads\tip_omega_100_Emax_300_IC1_mask3_350ms.csv,0,0.0
C:\Users\xan37\Downloads\tip_omega_100_Emax_300_IC1_mask4_350ms.csv,6,0.559326171875
C:\Users\xan37\Downloads\tip_omega_100_Emax_300_IC1_mask5_350ms.csv,10,0.4487800598144531
C:\Users\xan37\Downloads\tip_omega_100_Emax_300_IC2_mask1_350ms.csv,2,0.236480712890625
C:\Users\xan37\Downloads\tip_omega_100_Emax_300_IC2_mask2_350ms.csv,1,0.4987144470214844
C:\Users\xan37\Downloads\tip_omega_100_Emax_300_IC2_mask3_350ms.csv,0,0.23839569091796875
C:\Users\xan37\Downloads\tip_omega_100_Emax_300_IC2_mask4_350ms.csv,0,0.119293212890625
C:\Users\xan37\Downloads\tip_omega_100_Emax_300_IC2_mask5_350ms.csv,1,0.4542884826660156
C:\Users\xan37\Downloads\tip_omega_100_Emax_300_IC3_mask1_350ms.csv,1,0.3066291809082031
C:\Users\xan37\Downloads\tip_omega_100_Emax_300_IC3_mask2_350ms.csv,9,0.3302879333496094
C:\Users\xan37\Downloads\tip_omega_100_Emax_300_IC3_mask3_350ms.csv,0,0.00110626220703125
C:\Users\xan37\Downloads\tip_omega_100_Emax_300_IC3_mask4_350ms.csv,9,0.41962432861328125
C:\Users\xan37\Downloads\tip_omega_100_Emax_300_IC3_mask5_350ms.csv,3,0.428070068359375
C:\Users\xan37\Downloads\tip_omega_100_Emax_300_IC4_mask1_350ms.csv,0,0.43360137939453125
C:\Users\xan37\Downloads\tip_omega_100_Emax_300_IC4_mask2_350ms.csv,0,0.0
C:\Users\xan37\Downloads\tip_omega_100_Emax_300_IC4_mask3_350ms.csv,0,0.0
C:\Users\xan37\Downloads\tip_omega_100_Emax_300_IC4_mask4_350ms.csv,0,0.0
C:\Users\xan37\Downloads\tip_omega_100_Emax_300_IC4_mask5_350ms.csv,0,0.4850006103515625
C:\Users\xan37\Downloads\tip_omega_100_Emax_300_IC5_mask1_350ms.csv,0,0.0
C:\Users\xan37\Downloads\tip_omega_100_Emax_300_IC5_mask2_350ms.csv,7,0.4898643493652344
C:\Users\xan37\Downloads\tip_omega_100_Emax_300_IC5_mask3_350ms.csv,0,0.441009521484375
C:\Users\xan37\Downloads\tip_omega_100_Emax_300_IC5_mask4_350ms.csv,1,0.6093254089355469
C:\Users\xan37\Downloads\tip_omega_100_Emax_300_IC5_mask5_350ms.csv,2,0.6632003784179688
C:\Users\xan37\Downloads\tip_omega_100_Emax_300_IC6_mask1_350ms.csv,8,0.41150665283203125
C:\Users\xan37\Downloads\tip_omega_100_Emax_300_IC6_mask2_350ms.csv,1,0.4940605163574219
C:\Users\xan37\Downloads\tip_omega_100_Emax_300_IC6_mask3_350ms.csv,4,0.5452232360839844
C:\Users\xan37\Downloads\tip_omega_100_Emax_300_IC6_mask4_350ms.csv,0,0.48419952392578125
C:\Users\xan37\Downloads\tip_omega_100_Emax_300_IC6_mask5_350ms.csv,2,0.5786972045898438
C:\Users\xan37\Downloads\tip_omega_100_Emax_300_IC7_mask1_350ms.csv,5,0.4043922424316406
C:\Users\xan37\Downloads\tip_omega_100_Emax_300_IC7_mask2_350ms.csv,0,0.399169921875
C:\Users\xan37\Downloads\tip_omega_100_Emax_300_IC7_mask3_350ms.csv,0,0.3423919677734375
C:\Users\xan37\Downloads\tip_omega_100_Emax_300_IC7_mask4_350ms.csv,4,0.4964485168457031
C:\Users\xan37\Downloads\tip_omega_100_Emax_300_IC7_mask5_350ms.csv,11,0.4714241027832031
C:\Users\xan37\Downloads\tip_omega_100_Emax_300_IC8_mask1_350ms.csv,5,0.5875358581542969
C:\Users\xan37\Downloads\tip_omega_100_Emax_300_IC8_mask2_350ms.csv,1,0.5880813598632812
C:\Users\xan37\Downloads\tip_omega_100_Emax_300_IC8_mask3_350ms.csv,6,0.4891929626464844
C:\Users\xan37\Downloads\tip_omega_100_Emax_300_IC8_mask4_350ms.csv,7,0.4358673095703125
C:\Users\xan37\Downloads\tip_omega_100_Emax_300_IC8_mask5_350ms.csv,2,0.7110214233398438
C:\Users\xan37\Downloads\tip_omega_0_Emax_350_IC1_mask1_350ms.csv,6,0.4868049621582031
C:\Users\xan37\Downloads\tip_omega_0_Emax_350_IC1_mask2_350ms.csv,4,0.26369476318359375
C:\Users\xan37\Downloads\tip_omega_0_Emax_350_IC1_mask3_350ms.csv,3,0.24607086181640625
C:\Users\xan37\Downloads\tip_omega_0_Emax_350_IC1_mask4_350ms.csv,4,0.27878570556640625
C:\Users\xan37\Downloads\tip_omega_0_Emax_350_IC1_mask5_350ms.csv,0,0.031612396240234375
C:\Users\xan37\Downloads\tip_omega_0_Emax_350_IC2_mask1_350ms.csv,0,0.00588226318359375
C:\Users\xan37\Downloads\tip_omega_0_Emax_350_IC2_mask2_350ms.csv,1,0.11412811279296875
C:\Users\xan37\Downloads\tip_omega_0_Emax_350_IC2_mask3_350ms.csv,0,0.47646331787109375
C:\Users\xan37\Downloads\tip_omega_0_Emax_350_IC2_mask4_350ms.csv,6,0.473541259765625
C:\Users\xan37\Downloads\tip_omega_0_Emax_350_IC2_mask5_350ms.csv,2,0.4453086853027344
C:\Users\xan37\Downloads\tip_omega_0_Emax_350_IC3_mask1_350ms.csv,0,0.4120140075683594
C:\Users\xan37\Downloads\tip_omega_0_Emax_350_IC3_mask2_350ms.csv,0,0.10951995849609375
C:\Users\xan37\Downloads\tip_omega_0_Emax_350_IC3_mask3_350ms.csv,0,0.30930328369140625
C:\Users\xan37\Downloads\tip_omega_0_Emax_350_IC3_mask4_350ms.csv,0,0.5739021301269531
C:\Users\xan37\Downloads\tip_omega_0_Emax_350_IC3_mask5_350ms.csv,4,0.41019439697265625
C:\Users\xan37\Downloads\tip_omega_0_Emax_350_IC4_mask1_350ms.csv,3,0.36712646484375
C:\Users\xan37\Downloads\tip_omega_0_Emax_350_IC4_mask2_350ms.csv,9,0.52789306640625
C:\Users\xan37\Downloads\tip_omega_0_Emax_350_IC4_mask3_350ms.csv,4,0.6125297546386719
C:\Users\xan37\Downloads\tip_omega_0_Emax_350_IC4_mask4_350ms.csv,0,0.00675201416015625
C:\Users\xan37\Downloads\tip_omega_0_Emax_350_IC4_mask5_350ms.csv,2,0.7033805847167969
C:\Users\xan37\Downloads\tip_omega_0_Emax_350_IC5_mask1_350ms.csv,2,0.4231414794921875
C:\Users\xan37\Downloads\tip_omega_0_Emax_350_IC5_mask2_350ms.csv,0,0.18139266967773438
C:\Users\xan37\Downloads\tip_omega_0_Emax_350_IC5_mask3_350ms.csv,1,0.6017494201660156
C:\Users\xan37\Downloads\tip_omega_0_Emax_350_IC5_mask4_350ms.csv,2,0.3513450622558594
C:\Users\xan37\Downloads\tip_omega_0_Emax_350_IC5_mask5_350ms.csv,1,0.26950836181640625
C:\Users\xan37\Downloads\tip_omega_0_Emax_350_IC6_mask1_350ms.csv,0,0.0
C:\Users\xan37\Downloads\tip_omega_0_Emax_350_IC6_mask2_350ms.csv,0,0.011638641357421875
C:\Users\xan37\Downloads\tip_omega_0_Emax_350_IC6_mask3_350ms.csv,2,0.4014892578125
C:\Users\xan37\Downloads\tip_omega_0_Emax_350_IC6_mask4_350ms.csv,0,0.0
C:\Users\xan37\Downloads\tip_omega_0_Emax_350_IC6_mask5_350ms.csv,8,0.4922676086425781
C:\Users\xan37\Downloads\tip_omega_0_Emax_350_IC7_mask1_350ms.csv,6,0.6262283325195312
C:\Users\xan37\Downloads\tip_omega_0_Emax_350_IC7_mask2_350ms.csv,0,0.0
C:\Users\xan37\Downloads\tip_omega_0_Emax_350_IC7_mask3_350ms.csv,0,0.0
C:\Users\xan37\Downloads\tip_omega_0_Emax_350_IC7_mask4_350ms.csv,0,0.7318115234375
C:\Users\xan37\Downloads\tip_omega_0_Emax_350_IC7_mask5_350ms.csv,2,0.4552726745605469
C:\Users\xan37\Downloads\tip_omega_0_Emax_350_IC8_mask1_350ms.csv,0,0.6766433715820312
C:\Users\xan37\Downloads\tip_omega_0_Emax_350_IC8_mask2_350ms.csv,2,0.5516891479492188
C:\Users\xan37\Downloads\tip_omega_0_Emax_350_IC8_mask3_350ms.csv,2,0.6171035766601562
C:\Users\xan37\Downloads\tip_omega_0_Emax_350_IC8_mask4_350ms.csv,0,0.0
C:\Users\xan37\Downloads\tip_omega_0_Emax_350_IC8_mask5_350ms.csv,1,0.7010078430175781
C:\Users\xan37\Downloads\tip_omega_50_Emax_350_IC1_mask1_350ms.csv,0,0.0
C:\Users\xan37\Downloads\tip_omega_50_Emax_350_IC1_mask2_350ms.csv,5,0.5933609008789062
C:\Users\xan37\Downloads\tip_omega_50_Emax_350_IC1_mask3_350ms.csv,2,0.2039794921875
C:\Users\xan37\Downloads\tip_omega_50_Emax_350_IC1_mask4_350ms.csv,2,0.4073524475097656
C:\Users\xan37\Downloads\tip_omega_50_Emax_350_IC1_mask5_350ms.csv,5,0.3321723937988281
C:\Users\xan37\Downloads\tip_omega_50_Emax_350_IC2_mask1_350ms.csv,0,0.4283409118652344
C:\Users\xan37\Downloads\tip_omega_50_Emax_350_IC2_mask2_350ms.csv,0,0.50909423828125
C:\Users\xan37\Downloads\tip_omega_50_Emax_350_IC2_mask3_350ms.csv,0,0.48506927490234375
C:\Users\xan37\Downloads\tip_omega_50_Emax_350_IC2_mask4_350ms.csv,0,0.3791236877441406
C:\Users\xan37\Downloads\tip_omega_50_Emax_350_IC2_mask5_350ms.csv,1,0.3433074951171875
C:\Users\xan37\Downloads\tip_omega_50_Emax_350_IC3_mask1_350ms.csv,4,0.25958251953125
C:\Users\xan37\Downloads\tip_omega_50_Emax_350_IC3_mask2_350ms.csv,1,0.14506912231445312
C:\Users\xan37\Downloads\tip_omega_50_Emax_350_IC3_mask3_350ms.csv,1,0.3645210266113281
C:\Users\xan37\Downloads\tip_omega_50_Emax_350_IC3_mask4_350ms.csv,0,0.5358123779296875
C:\Users\xan37\Downloads\tip_omega_50_Emax_350_IC3_mask5_350ms.csv,3,0.3964729309082031
C:\Users\xan37\Downloads\tip_omega_50_Emax_350_IC4_mask1_350ms.csv,2,0.5777091979980469
C:\Users\xan37\Downloads\tip_omega_50_Emax_350_IC4_mask2_350ms.csv,0,0.0
C:\Users\xan37\Downloads\tip_omega_50_Emax_350_IC4_mask3_350ms.csv,0,0.0
C:\Users\xan37\Downloads\tip_omega_50_Emax_350_IC4_mask4_350ms.csv,0,0.5614700317382812
C:\Users\xan37\Downloads\tip_omega_50_Emax_350_IC4_mask5_350ms.csv,2,0.5199050903320312
C:\Users\xan37\Downloads\tip_omega_50_Emax_350_IC5_mask1_350ms.csv,4,0.6071434020996094
C:\Users\xan37\Downloads\tip_omega_50_Emax_350_IC5_mask2_350ms.csv,8,0.5482368469238281
C:\Users\xan37\Downloads\tip_omega_50_Emax_350_IC5_mask3_350ms.csv,0,0.0010833740234375
C:\Users\xan37\Downloads\tip_omega_50_Emax_350_IC5_mask4_350ms.csv,4,0.4154396057128906
C:\Users\xan37\Downloads\tip_omega_50_Emax_350_IC5_mask5_350ms.csv,4,0.6956329345703125
C:\Users\xan37\Downloads\tip_omega_50_Emax_350_IC6_mask1_350ms.csv,0,0.6356391906738281
C:\Users\xan37\Downloads\tip_omega_50_Emax_350_IC6_mask2_350ms.csv,9,0.44181060791015625
C:\Users\xan37\Downloads\tip_omega_50_Emax_350_IC6_mask3_350ms.csv,6,0.4640159606933594
C:\Users\xan37\Downloads\tip_omega_50_Emax_350_IC6_mask4_350ms.csv,0,0.000614166259765625
C:\Users\xan37\Downloads\tip_omega_50_Emax_350_IC6_mask5_350ms.csv,11,0.45532989501953125
C:\Users\xan37\Downloads\tip_omega_50_Emax_350_IC7_mask1_350ms.csv,0,0.3391380310058594
C:\Users\xan37\Downloads\tip_omega_50_Emax_350_IC7_mask2_350ms.csv,0,0.4638404846191406
C:\Users\xan37\Downloads\tip_omega_50_Emax_350_IC7_mask3_350ms.csv,5,0.5832443237304688
C:\Users\xan37\Downloads\tip_omega_50_Emax_350_IC7_mask4_350ms.csv,5,0.559295654296875
C:\Users\xan37\Downloads\tip_omega_50_Emax_350_IC7_mask5_350ms.csv,4,0.48186492919921875
C:\Users\xan37\Downloads\tip_omega_50_Emax_350_IC8_mask1_350ms.csv,1,0.674041748046875
C:\Users\xan37\Downloads\tip_omega_50_Emax_350_IC8_mask2_350ms.csv,2,0.5492477416992188
C:\Users\xan37\Downloads\tip_omega_50_Emax_350_IC8_mask3_350ms.csv,4,0.5198135375976562
C:\Users\xan37\Downloads\tip_omega_50_Emax_350_IC8_mask4_350ms.csv,10,0.5339584350585938
C:\Users\xan37\Downloads\tip_omega_50_Emax_350_IC8_mask5_350ms.csv,3,0.4415931701660156
C:\Users\xan37\Downloads\tip_omega_100_Emax_350_IC1_mask1_350ms.csv,5,0.3995094299316406
C:\Users\xan37\Downloads\tip_omega_100_Emax_350_IC1_mask2_350ms.csv,4,0.5991134643554688
C:\Users\xan37\Downloads\tip_omega_100_Emax_350_IC1_mask3_350ms.csv,1,0.32253265380859375
C:\Users\xan37\Downloads\tip_omega_100_Emax_350_IC1_mask4_350ms.csv,1,0.3352203369140625
C:\Users\xan37\Downloads\tip_omega_100_Emax_350_IC1_mask5_350ms.csv,9,0.36055755615234375
C:\Users\xan37\Downloads\tip_omega_100_Emax_350_IC2_mask1_350ms.csv,3,0.3663978576660156
C:\Users\xan37\Downloads\tip_omega_100_Emax_350_IC2_mask2_350ms.csv,7,0.2909698486328125
C:\Users\xan37\Downloads\tip_omega_100_Emax_350_IC2_mask3_350ms.csv,2,0.3720817565917969
C:\Users\xan37\Downloads\tip_omega_100_Emax_350_IC2_mask4_350ms.csv,0,0.314788818359375
C:\Users\xan37\Downloads\tip_omega_100_Emax_350_IC2_mask5_350ms.csv,2,0.4233665466308594
C:\Users\xan37\Downloads\tip_omega_100_Emax_350_IC3_mask1_350ms.csv,1,0.2749519348144531
C:\Users\xan37\Downloads\tip_omega_100_Emax_350_IC3_mask2_350ms.csv,7,0.3590354919433594
C:\Users\xan37\Downloads\tip_omega_100_Emax_350_IC3_mask3_350ms.csv,0,0.00341033935546875
C:\Users\xan37\Downloads\tip_omega_100_Emax_350_IC3_mask4_350ms.csv,4,0.28139495849609375
C:\Users\xan37\Downloads\tip_omega_100_Emax_350_IC3_mask5_350ms.csv,0,0.41845703125
C:\Users\xan37\Downloads\tip_omega_100_Emax_350_IC4_mask1_350ms.csv,3,0.6189346313476562
C:\Users\xan37\Downloads\tip_omega_100_Emax_350_IC4_mask2_350ms.csv,0,0.0
C:\Users\xan37\Downloads\tip_omega_100_Emax_350_IC4_mask3_350ms.csv,0,0.0
C:\Users\xan37\Downloads\tip_omega_100_Emax_350_IC4_mask4_350ms.csv,0,0.0
C:\Users\xan37\Downloads\tip_omega_100_Emax_350_IC4_mask5_350ms.csv,0,0.5007400512695312
C:\Users\xan37\Downloads\tip_omega_100_Emax_350_IC5_mask1_350ms.csv,0,0.0
C:\Users\xan37\Downloads\tip_omega_100_Emax_350_IC5_mask2_350ms.csv,1,0.20078659057617188
C:\Users\xan37\Downloads\tip_omega_100_Emax_350_IC5_mask3_350ms.csv,0,0.4373664855957031
C:\Users\xan37\Downloads\tip_omega_100_Emax_350_IC5_mask4_350ms.csv,11,0.4871673583984375
C:\Users\xan37\Downloads\tip_omega_100_Emax_350_IC5_mask5_350ms.csv,5,0.3495140075683594
C:\Users\xan37\Downloads\tip_omega_100_Emax_350_IC6_mask1_350ms.csv,0,0.5390129089355469
C:\Users\xan37\Downloads\tip_omega_100_Emax_350_IC6_mask2_350ms.csv,0,0.257171630859375
C:\Users\xan37\Downloads\tip_omega_100_Emax_350_IC6_mask3_350ms.csv,5,0.4616279602050781
C:\Users\xan37\Downloads\tip_omega_100_Emax_350_IC6_mask4_350ms.csv,2,0.469451904296875
C:\Users\xan37\Downloads\tip_omega_100_Emax_350_IC6_mask5_350ms.csv,3,0.5833892822265625
C:\Users\xan37\Downloads\tip_omega_100_Emax_350_IC7_mask1_350ms.csv,0,0.3120155334472656
C:\Users\xan37\Downloads\tip_omega_100_Emax_350_IC7_mask2_350ms.csv,0,0.3285179138183594
C:\Users\xan37\Downloads\tip_omega_100_Emax_350_IC7_mask3_350ms.csv,0,0.37972259521484375
C:\Users\xan37\Downloads\tip_omega_100_Emax_350_IC7_mask4_350ms.csv,4,0.55364990234375
C:\Users\xan37\Downloads\tip_omega_100_Emax_350_IC7_mask5_350ms.csv,4,0.49887847900390625
C:\Users\xan37\Downloads\tip_omega_100_Emax_350_IC8_mask1_350ms.csv,1,0.5516281127929688
C:\Users\xan37\Downloads\tip_omega_100_Emax_350_IC8_mask2_350ms.csv,0,0.5824012756347656
C:\Users\xan37\Downloads\tip_omega_100_Emax_350_IC8_mask3_350ms.csv,5,0.4818153381347656
C:\Users\xan37\Downloads\tip_omega_100_Emax_350_IC8_mask4_350ms.csv,6,0.4031562805175781
C:\Users\xan37\Downloads\tip_omega_100_Emax_350_IC8_mask5_350ms.csv,7,0.47313690185546875
